title,description
Data Scientist,We are looking for a skilled data scientist with expertise in machine learning and data analysis.
Software Engineer,Join our team as a software engineer to build innovative solutions and develop new features.
Marketing Manager,"Seeking a marketing manager to lead campaigns, manage teams, and drive brand growth."
Frontend Developer,"Are you passionate about creating exceptional user experiences? Join our team as a frontend developer where you will craft responsive and visually appealing web applications using HTML, CSS, and JavaScript. Experience with modern frameworks like React or Vue is a plus."
Database Administrator,"Looking for a detail-oriented database administrator to manage and optimize our database systems. The role involves ensuring data security, troubleshooting, and performance tuning. Proficiency in SQL and experience with database management systems like MySQL or PostgreSQL is required."
AI Researcher,"We are seeking an AI researcher to work on cutting-edge projects in artificial intelligence and machine learning. Candidates should have a strong background in mathematics, statistics, and programming. Knowledge of Python, TensorFlow, and neural networks is essential."
Network Engineer,"Join our team as a network engineer responsible for designing, implementing, and maintaining our network infrastructure. Strong knowledge of networking protocols, security, and experience with Cisco or Juniper equipment is preferred."
Cybersecurity Specialist,"We are looking for a cybersecurity specialist to protect our systems and information. The role involves analyzing security risks, implementing security measures, and staying updated with the latest threats and technologies in the field."
UX/UI Designer,Do you have a passion for creating intuitive and visually appealing designs? We're hiring a UX/UI designer to collaborate with cross-functional teams in creating user-centered designs. Proficiency in design tools and a strong portfolio is required.
Machine Learning Engineer,"Join our team as a machine learning engineer to develop and deploy machine learning models. The role involves working on data collection, feature engineering, and model deployment. Proficiency in Python, TensorFlow, and experience with ML libraries is a must."
