Skills,Programming Languages,Education Requirements
.net,specifications,duties
services,owner,specifications
techniques,HackImplement,collaboration
TypeScriptExperience,expert,Cash
site,PHP,backgroundAbility
atmosphere,languagesCreate,computer
Hybrid,teams,owner
platforms,data,HackImplement
client,applications,demand
plan,Qualifications,atmosphere
Life,Step,Lead
UX,design,client
Days,object,Life
PHP,scale,expert
background,servicesBuild,RequirementsComputer
Kubernetes,user,code
fun,operations,documentation
Javascript,Engineering,background
Division,NativeWork,Core
employment,systemExperience,Prospects
teams,Coding,languagesCreate
Adobe,React,teams
skillset,languagesRelevant,Adobe
Contributory,frontend,data
Group,CSS,salary
passion,sprint,Contributory
innovation,programming,%
Skills,feature,Required
companies,component,innovation
Free,infrastructure,applications
custom,Practical,Qualifications
contributions,C#.Implement,Skills
design,degree,analysis
versions,field,Affordable
Participate,developer,design
Django,Responsibilities,people
|,variety,skill
holidays3,experienceExperience,ability
merit,application,opportunities
career,scope,Learning
scale,interfaces,Participate
user,JavaScriptWork,Django
PHP.Knowledge,consumer,Growth
competence,End,career
experts,Back,scale
roles,development,user
Jasmine,level,Ruby
Azure,languages,servicesBuild
Coding,frameworks,roles
life,products,environment
frontend,language,operations
Type,self,Engineering
board,Engineer,NativeWork
Developers,software,training
Designing,preference,systemExperience
ControlAwareness,experience,partiesERP
Graduate,report,journey
learning,projects,3rd
PersonExperience,PM,Excellent
rail,skills,React
tech,completing,languagesRelevant
Practical,XHTML,Developer
field,Science,education
FridayTS,Product,Vitality
Responsibilities,system,Detail
variety,end,course
WordPress,Java,SQL
Advancement,stack,CSS
ProtractorDesirableJavaSpringLinuxJPA,features,Software
bonus,Proficiency,Graduate
Extended,Computer,programming
C++/C#)Full,ResponsibilitiesYou,communication
scope,activities,feature
interfaces,web,component
capability,ProjectsYou,infrastructure
reality,Vue.js,C++
landscape,Bachelor,tech
Scheme,,Assist
prospects,,degree
Christmas,,field
team,,Responsibilities
post,,variety
Mockito,,experienceExperience
jobs,,Advancement
capabilities,,attention
privilege,,Assurance
Node.js,,application
languages,,listing
frameworks,,project
backgrounds,,scope
products,,interfaces
Meta,,JavaScriptWork
ToolingJavascript,,consumer
edge,,Health
CSS.Experience,,work
websites,,knowledge
Plan,,trends
competencies,,OOP
possibilities,,development
microservicesExperience,,Dynamic
database,,Python
flask,,academy
UK.Jira,,Experience
candidates,,pension
Ability,,team
report,,years
experienceIf,,date
salaries,,languages
experienceChandlers,,level
elementsIt,,frameworks
completing,,products
developers,,qualifications
XHTML,,language
levels,,websites
marketing,,Plan
start,,database
systems,,self
Science,,completeness
stackKnowledge,,flask
Technology,,Object
NodeJS,,Willingness
Passion,,Engineer
maternity,,candidates
patterns,,job
Product,,Ability
Java,,experience
negotiation,,Salary
Healthcare,,subject
offices,,projects
posts,,report
Wagtail,,salaries
PlotBox,,interest
features,,Junior
cloud,,PM
lifecycleAssist,,skills
competency,,completing
Requirements,,XHTML
Programmer,,individual
DatabasesKnowledge,,deadlines
dependentsGroup,,part
Fluency,,Science
values,,systems
impact,,scheme
UK,,minimum
web,,path
server,,technologies
Permanent,,Product
Vue.js,,system
portfolio,,end
Node,,C#Strong
Express.js,,stack
terms,,Environment
telephone,,horizons
specifications,,Pearson
computer,,£
clients,,features
Lead,,accuracy
RequirementsComputer,,Proficiency
documentation,,Computer
network,,science
Core,,Rails
generation,,languageKnowledge
User,,Professional
breadth,,BenefitsCareer
Bower)Experience,,web
salary,,"Bicester£25,000"
product,,Bachelor
Required,,
cycleWe,,
Qualifications,,
interests,,
benefits,,
personality,,
ability,,
Project,,
opportunities,,
Globant!This,,
Karma,,
Friend,,
version,,
training,,
systemExperience,,
page,,
service,,
Microservice,,
Termius,,
problems,,
Advanced,,
deal,,
course,,
Stack,,
Preferred,,
managers,,
configuration,,
motivation,,
solutions,,
abilities,,
feature,,
component,,
mentoring,,
Vue,,
C++,,
Assist,,
Methods,,
plugins,,
NoSQL.Excellent,,
UI,,
experienceExperience,,
Source,,
HTML5,,
project,,
vision,,
Health,,
coordination,,
ESLint,,
knowledge,,
Year,,
GIT,,
Designers,,
problem,,
Back,,
Sector,,
todayYou'll,,
Git,,
integrations,,
Angular,,
academy,,
Python,,
HaveAt,,
GDS,,
containerisation,,
demands,,
screens,,
value,,
rewards,,
self,,
Fields,,
AWS,,
HolidayPensionIncome,,
themes,,
success,,
software,,
Salary,,
experience,,
projects,,
etc.-,,
Junior,,
eye,,
technologiesExperience,,
portal,,
OfFamiliarity,,
deadlines,,
CMS,,
support,,
scheme,,
mindset,,
Location,,
Bootstrap,,
concepts,,
transport,,
technologies,,
system,,
company,,
designers,,
Collaboration,,
Webpack,,
horizons,,
Pearson,,
designs,,
maths,,
speed,,
Rails,,
EC2,,
requirement,,
visualizationA,,
Professional,,
BenefitsCareer,,
CI,,
+,,
Partners,,
Bachelor,,
Willingness,,
player,,
duties,,
business,,
modularization,,
Cash,,
collaboration,,
candidate,,
Framework,,
parking,,
owner,,
demand,,
Linux,,
architectures,,
individuals,,
expert,,
solutionWork,,
IDE,,
JUnit,,
Enhanced,,
languagesCreate,,
contact,,
line,,
data,,
hands,,
%,,
role,,
libraries,,
experiences!If,,
analysis,,
principles,,
skill,,
object,,
HibernateRelational,,
improvement,,
expertise,,
Southampton,,
Discovery,,
Canvas,,
Growth,,
servicesBuild,,
Ruby,,
environment,,
operations,,
Engineering,,
NativeWork,,
ProcessOnline,,
industry,,
journey,,
Excellent,,
React,,
Gulp,,
languagesRelevant,,
education,,
month!Skills,,
tests,,
goals,,
5.If,,
Vitality,,
addition,,
VueJS,,
CSS,,
London,,
deliverables,,
programming,,
React)Familiarity,,
Manchester,,
focus,,
infrastructure,,
Mac,,
developer,,
MySQL,,
API,,
access,,
understanding,,
Application,,
attention,,
Assurance,,
evolution,,
resource,,
Docker,,
office,,
RequirementsYou’ll,,
work,,
Use,,
Income,,
side,,
Pump,,
JS)Contract,,
paternity,,
Custom,,
Protection,,
Recruitment,,
development,,
C,,
2D,,
algorithms,,
researcher,,
years,,
chance,,
date,,
range,,
language,,
role?Our,,
qualifications,,
Alpha,,
mixins,,
NNPM,,
contribution,,
completeness,,
opportunity,,
stories,,
Engineer,,
permission,,
Partner,,
top,,
Version,,
job,,
Pipelines,,
Build,,
ProtectionThe,,
skills,,
Knowledge,,
proficiency,,
objectives?Development,,
quality,,
S3,,
part,,
position,,
Key,,
questions,,
Frontend,,
passengers,,
APIs,,
TypeScript,,
RDS,,
meals,,
customers,,
OS,,
C#Strong,,
Environment,,
methodologies,,
detail,,
£,,
difference,,
Management,,
accuracy,,
Quarterly,,
GlobalWe,,
ups,,
Computer,,
Beneficial,,
skillsDesirableIt,,
leave,,
confidence,,
#,,
Full,,
Grunt,,
time,,
package,,
ProjectsYou,,
challenges,,
composition,,
adoption,,
need,,
interview,,
backgroundAbility,,
Beta,,
CD,,
analysts,,
careers,,
DeveloperSalary,,
testers,,
HackImplement,,
engineer,,
code,,
selection,,
day,,
RoleYou'll,,
game,,
Engineers,,
Prospects,,
advantage,,
GULP,,
Ansible,,
ES6,,
Home,,
applications,,
Step,,
sessions,,
specialist,,
people,,
FordMonday,,
Affordable,,
designImplement,,
Learning,,
ExperienceThe,,
applicants,,
maintenance,,
elements,,
party,,
tools,,
home,,
partiesERP,,
Information,,
3rd,,
Developer,,
Sparta,,
SQL,,
Detail,,
Software,,
utilities,,
communication,,
Show,,
days,,
experiences,,
week27,,
BigCommerce,,
degree,,
Front,,
commitment,,
glasses,,
NPM,,
Web,,
application,,
Studio,,
listing,,
Assessments,,
BenefitsJumar,,
JavaScriptWork,,
consumer,,
codebase,,
HTML,,
End,,
JavaScript,,
trends,,
things,,
Practice,,
solution,,
Express.js.js,,
OOP,,
delivery,,
Dynamic,,
sectors,,
test,,
Experience,,
New,,
pension,,
environments,,
requirementsWork,,
Development,,
LiveIf,,
level,,
match,,
meet,,
types,,
Object,,
gym,,
CompetenceCompetent,,
areas,,
teamwork,,
Integration,,
customer,,
interest,,
Control,,
RabbitMQ)BenefitsSo,,
PM,,
testing,,
70k,,
Understanding,,
membersRequirementsEssentialJavaScript,,
individual,,
Bank,,
Agile,,
path,,
YouEssential,,
professionalism,,
restaurants,,
accessibility,,
assessments,,
practices,,
end,,
stack,,
process,,
area,,
Pension,,
setting,,
fields,,
Proficiency,,
science,,
breaker,,
architecture,,
familiarity,,
Continuous,,
SaaS,,
languageKnowledge,,
CompetenceBitbucket,,
behaviour,,
control,,
technology,,
Holiday,,
growth,,
